epoch,running time,testing acc
0,0.0,0.0942
1,102.29499459266663,0.5871
2,101.26154828071594,0.6753
3,101.14652109146118,0.7019
4,100.7491180896759,0.6812
5,99.97430109977722,0.7128
6,100.0003592967987,0.737
