epoch,running time,testing acc
0,0.0,0.0927
1,207.46232104301453,0.5837
2,209.59554052352905,0.6643
3,210.62783002853394,0.6833
4,205.34557819366455,0.701
5,202.5875289440155,0.7108
6,203.50440979003906,0.7165
