epoch,running time,testing acc
0,0.0,0.1002
1,104.30745911598206,0.587
2,101.1176860332489,0.6475
3,103.9249119758606,0.6971
4,104.08075499534607,0.6865
5,104.13635325431824,0.7289
6,103.45643496513367,0.7327
